Student Name,Roll Number
Sophia Wilson,RN001
Luke Long,RN002
Michael Brown,RN003
Chloe Roberts,RN004
Aiden Lewis,RN005
Owen Sanders,RN006
Scarlett Turner,RN007
Penelope Kelly,RN008
Owen Sanders,RN009
Isabella Clark,RN010
Sebastian Bailey,RN011
Olivia Lopez,RN012
Victoria Gray,RN013
Daniel Johnson,RN014
John Smith,RN015
Daniel Johnson,RN016
Amelia Hall,RN017
Harper Scott,RN018
Henry Brooks,RN019
Grace Morgan,RN020
Henry Brooks,RN021
David Reed,RN022
Aria Hill,RN023
Alexander Flores,RN024
Samuel Ross,RN025
Victoria Gray,RN026
Lucas Young,RN027
Ella Rivera,RN028
Elizabeth Foster,RN029
Emily Davis,RN030
Layla Patterson,RN031
Olivia Lopez,RN032
Lily Ward,RN033
Liam Allen,RN034
Avery Jenkins,RN035
Hannah Ramirez,RN036
Harper Scott,RN037
Grace Morgan,RN038
Logan Lee,RN039
Aria Hill,RN040
Scarlett Turner,RN041
Ethan Harris,RN042
Aiden Lewis,RN043
John Smith,RN044
Charlotte King,RN045
Emily Davis,RN046
Lucas Young,RN047
Mason Hughes,RN048
Noah Wright,RN049
Mia Walker,RN050
Emma Martinez,RN051
Elijah Stewart,RN052
Mason Hughes,RN053
Sofia Cook,RN054
Noah Wright,RN055
Benjamin Adams,RN056
Charlotte King,RN057
Matthew Garcia,RN058
Logan Lee,RN059
Gabriel Bryant,RN060
Ava Mitchell,RN061
Lily Ward,RN062
Jacob Jenkins,RN063
Mia Walker,RN064
James Carter,RN065
Sofia Cook,RN066
Chloe Roberts,RN067
Elijah Stewart,RN068
Ethan Harris,RN069
Layla Patterson,RN070
James Carter,RN071
William Perez,RN072
Sophia Wilson,RN073
David Reed,RN074
Penelope Kelly,RN075
Camila Howard,RN076
Avery Jenkins,RN077
Camila Howard,RN078
Michael Brown,RN079
Elizabeth Foster,RN080
Zoe Bell,RN081
Hannah Ramirez,RN082
Zoe Bell,RN083
Isabella Clark,RN084
Sebastian Bailey,RN085
Benjamin Adams,RN086
Jackson Torres,RN087
Samuel Ross,RN088
Gabriel Bryant,RN089
Alexander Flores,RN090
Luke Long,RN091
Amelia Hall,RN092
Ava Mitchell,RN093
William Perez,RN094
Ella Rivera,RN095
Matthew Garcia,RN096
Jackson Torres,RN097
Liam Allen,RN098
Jacob Jenkins,RN099
Emma Martinez,RN100
